{
  "overall": {
    "points_earned": 19,
    "points_possible": 20
  },
  "criteria": [
    {
      "id": "thesis_argument",
      "score": 4,
      "evidence": {
        "quote": "Despite logistical hurdles, \"The Line\" stands as a visionary urban experiment and an ideal place to live due to its pioneering sustainability features, innovative urban design, and focus on enhancing residents’ quality of life."
      },
      "explanation": "Clear, insightful thesis that effectively guides the essay with a strong argument on sustainability and livability.",
      "advice": "Maintain this strong thesis; consider adding more unique perspectives for even greater originality."
    },
    {
      "id": "organization_coherence",
      "score": 4,
      "evidence": {
        "quote": "One of the most compelling aspects of \"The Line\" is its commitment to sustainability. ... This aligns with the United Nations' Sustainable Development Goal 11, which strives to make cities inclusive, safe, resilient, and sustainable."
      },
      "explanation": "Exceptionally well-organized with seamless transitions between sustainability, design, and health sections.",
      "advice": "Continue using clear topic sentences to enhance flow in future essays."
    },
    {
      "id": "development_support",
      "score": 4,
      "evidence": {
        "quote": "Research has shown that walkable cities promote active living, which can lead to longer and healthier lives. Regular walking reduces the risk of chronic diseases such as Type 2 diabetes and heart disease, and improves mental health (CNUWalkable)."
      },
      "explanation": "Rich, relevant evidence from credible sources integrated smoothly to support claims on health benefits.",
      "advice": "Diversify sources further to include primary data for stronger substantiation."
    },
    {
      "id": "critical_analysis",
      "score": 3,
      "evidence": {
        "quote": "By eliminating the need for personal vehicles, residents can save on average $12,000 per year that would otherwise be spent on car ownership costs, including purchase of the vehicle, insurance, maintenance, and fuel (MoneyGeekCar)."
      },
      "explanation": "Solid analysis linking design to health and economic benefits, but lacks deeper original insights.",
      "advice": "Incorporate more critical evaluation of potential drawbacks to deepen engagement."
    },
    {
      "id": "language_style_mechanics",
      "score": 4,
      "evidence": {
        "quote": "In conclusion, \"The Line\" represents a bold and innovative approach to urban development that addresses many of the challenges modern cities face."
      },
      "explanation": "Polished, engaging prose with precise language, varied sentences, and no noticeable errors.",
      "advice": "Vary vocabulary more to avoid repetition of terms like 'sustainability' for added flair."
    }
  ]
}
