{
  "overall": {
    "points_earned": 14,
    "points_possible": 20
  },
  "criteria": [
    {
      "id": "thesis_argument",
      "score": 3,
      "evidence": {
        "quote": "Ultimately, as time went on, the Soviet leader allowed the Berlin wall to come down because he had a broader vision for the Soviet Union and its role in the world. The main reasons for this are that he wanted a more dynamic socialist system, there was a need for internal economic recovery, and he desired to reposition the soviet union as a cooperative global power."
      },
      "explanation": "Clear thesis outlining three reasons for the Wall's fall, adequately guiding the essay.",
      "advice": "Strengthen originality by adding unique insights beyond standard historical facts."
    },
    {
      "id": "organization_coherence",
      "score": 3,
      "evidence": {
        "quote": "Gorbachev allowed for the Berlin wall to be taken down because he sought a greater purpose for the Soviet Union made possible by a socialist system with a more innovative approach. ... However, these reforms placed other considerations on the economy for Mikhail Gorbachev."
      },
      "explanation": "Logical structure with paragraphs per reason; transitions connect ideas effectively overall.",
      "advice": "Improve seamlessness by varying transition phrases and reducing repetition in thesis restatements."
    },
    {
      "id": "development_support",
      "score": 3,
      "evidence": {
        "quote": "By 1985, the time that Gorbachev took office, the soviet economy had been stagnant for 20 years. The country’s gross national product dropped from 5.8% in 1940 to 2.6% in 1970 (“Consequences of”)."
      },
      "explanation": "Adequate evidence from sources supports claims about policies and economic issues.",
      "advice": "Integrate more direct quotes or data to deepen support for each main point."
    },
    {
      "id": "critical_analysis",
      "score": 3,
      "evidence": {
        "quote": "These policies show that Gorbachev was striving for a more dynamic socialist system because the policies he installed paved the way for East Germans to demand reforms and protest to have the Berlin Wall removed."
      },
      "explanation": "Solid interpretation linking reforms to Wall's fall, showing good topic engagement.",
      "advice": "Add deeper insights, like counterarguments or long-term implications, for sophistication."
    },
    {
      "id": "language_style_mechanics",
      "score": 2,
      "evidence": {
        "quote": "The Wall was originally built in 1961 under Soviet leader Nikita Khruschchev, however when Mikhail Gorbachev was elected General Secretary of the Communist Party of the Soviet Union in 1985, the whole perspective of the Wall changed."
      },
      "explanation": "Readable with some awkward phrasing and spacing errors affecting clarity.",
      "advice": "Proofread for typos, spacing, and vary sentence structure to enhance engagement."
    }
  ]
}
