{
  "overall": {
    "points_earned": 13,
    "points_possible": 20
  },
  "criteria": [
    {
      "id": "thesis_argument",
      "score": 3,
      "evidence": {
        "quote": "Due to the disease’s relatedness in transmission, effects, and symptoms, it is the most likely origin of chronic wasting disease through the evolution of the virus."
      },
      "explanation": "Thesis is clear and focused on TSE as CWD origin via similarities, adequately addressing the topic.",
      "advice": "Strengthen originality by exploring alternative origins or implications."
    },
    {
      "id": "organization_coherence",
      "score": 3,
      "evidence": {
        "quote": "TSE is a disease transmitted in the same or similar ways when compared to CWD. These diseases can be transmitted in three ways: through bodily fluids, contaminated environmental factors (such as water or food), and infected carcasses (U.S. Geological Survey)."
      },
      "explanation": "Clear structure with paragraphs on transmission, cause, and symptoms; logical flow overall.",
      "advice": "Improve transitions between sections for smoother progression."
    },
    {
      "id": "development_support",
      "score": 3,
      "evidence": {
        "quote": "Both diseases have been diagnosed as misfolded proteins in the brain (Merck). These proteins are known as prions, which are often produced by mammals for common cellular functions and then recycled or degraded."
      },
      "explanation": "Uses credible sources like USGS and Merck to support claims with examples.",
      "advice": "Integrate more specific data or statistics from sources for stronger evidence."
    },
    {
      "id": "critical_analysis",
      "score": 2,
      "evidence": {
        "quote": "Having the same cause between differing diseases can create similarities between how symptoms of a disease act (Emerging). Symptoms that are commonly held between TSE and chronic wasting disease include behavioral changes, excessive drooling, weight loss, hair pulling, and incoordination (Merck & Chronic)."
      },
      "explanation": "Basic comparison of similarities, but lacks depth or original insights into evolution.",
      "advice": "Add critical evaluation of evidence strengths and potential counterarguments."
    },
    {
      "id": "language_style_mechanics",
      "score": 2,
      "evidence": {
        "quote": "This abnormal folding of proteins causes the cells to cease being broken down and to instead collect in the brain (Merck). This leads to neurological damage and eventual death by eliminating brain cells (Emerging)."
      },
      "explanation": "Readable but frequent spacing errors and awkward phrasing affect clarity.",
      "advice": "Proofread for formatting issues and refine sentence variety for better flow."
    }
  ]
}
