{
  "overall": {
    "points_earned": 13,
    "points_possible": 20
  },
  "criteria": [
    {
      "id": "A",
      "score": 3,
      "evidence": {
        "quote": "Due to the disease’s relatedness in transmission, effects, and symptoms, it is the most likely origin of chronic wasting disease through the evolution of the virus."
      },
      "explanation": "Thesis is clear and focused on TSE as CWD origin via similarities.",
      "advice": "Enhance with discussion of alternative origins for deeper insight."
    },
    {
      "id": "B",
      "score": 3,
      "evidence": {
        "quote": "TSE is a disease transmitted in the same or similar ways when compared to CWD... Alongside the many ways that TSE could have been transmitted..."
      },
      "explanation": "Logical structure with paragraphs on transmission, effects, and symptoms.",
      "advice": "Add smoother transitions to connect sections more seamlessly."
    },
    {
      "id": "C",
      "score": 3,
      "evidence": {
        "quote": "Both diseases have been diagnosed as misfolded proteins in the brain (Merck)... transmitted in three ways: through bodily fluids, contaminated environmental factors (U.S. Geological Survey)."
      },
      "explanation": "Adequate evidence from credible sources supports main points on similarities.",
      "advice": "Incorporate more specific examples from sources for richer development."
    },
    {
      "id": "D",
      "score": 2,
      "evidence": {
        "quote": "Having the same cause between differing diseases can create similarities between how symptoms of a disease act... Similarities in symptomatology lead to the same path."
      },
      "explanation": "Basic analysis of similarities, but lacks depth in evolutionary process.",
      "advice": "Deepen analysis by exploring prion adaptation mechanisms to cervids."
    },
    {
      "id": "E",
      "score": 2,
      "evidence": {
        "quote": "world’s cervid population (U.S. Geological Survey)... elk, deer, reindeer, and moose to die slowly over a few years."
      },
      "explanation": "Readable but noticeable spacing, punctuation, and citation errors distract.",
      "advice": "Proofread for formatting, complete in-text citations, and grammar."
    }
  ]
}
