{
  "overall": {
    "points_earned": 19,
    "points_possible": 20
  },
  "criteria": [
    {
      "id": "thesis_argument",
      "score": 4,
      "evidence": {
        "quote": "Despite logistical hurdles, \"The Line\" stands as a visionary urban experiment and an ideal place to live due to its pioneering sustainability features, innovative urban design, and focus on enhancing residents’ quality of life."
      },
      "explanation": "Clear, insightful thesis that effectively guides the essay with a strong argument on the project's benefits.",
      "advice": "Maintain this strong thesis structure; consider adding more counterarguments for depth."
    },
    {
      "id": "organization_coherence",
      "score": 4,
      "evidence": {
        "quote": "One of the most compelling aspects of \"The Line\" is its commitment to sustainability. ... This aligns with the United Nations' Sustainable Development Goal 11..."
      },
      "explanation": "Exceptionally well-organized with seamless transitions and logical progression from sustainability to design and health.",
      "advice": "Continue using clear topic sentences to enhance flow even further."
    },
    {
      "id": "development_support",
      "score": 4,
      "evidence": {
        "quote": "Research has shown that walkable cities promote active living, which can lead to longer and healthier lives. Regular walking reduces the risk of chronic diseases such as Type 2 diabetes and heart disease... (CNUWalkable)."
      },
      "explanation": "Rich, relevant evidence from credible sources like NEOM and studies, smoothly integrated to support claims.",
      "advice": "Vary source types more; include primary data for even stronger support."
    },
    {
      "id": "critical_analysis",
      "score": 3,
      "evidence": {
        "quote": "By eliminating the need for personal vehicles, residents can save on average $12,000 per year... This financial benefit can significantly enhance the quality of life for residents due to these factors."
      },
      "explanation": "Solid analysis linking features to benefits with some interpretation, but lacks deeper original insights.",
      "advice": "Incorporate more critical evaluation of potential drawbacks to elevate analysis."
    },
    {
      "id": "language_style_mechanics",
      "score": 4,
      "evidence": {
        "quote": "This ambitious project aims to redefine urban development by prioritizing human health, well-being, and environmental conservation over traditional infrastructure."
      },
      "explanation": "Polished, engaging prose with precise language, varied sentences, and minimal errors.",
      "advice": "Proofread citations for consistent formatting to perfect mechanics."
    }
  ]
}
