{
  "overall": {
    "points_earned": 14,
    "points_possible": 20
  },
  "criteria": [
    {
      "id": "thesis_argument",
      "score": 3,
      "evidence": {
        "quote": "Gorbachev allowed for the Berlin wall to be taken down because he sought a greater purpose for the Soviet Union made possible by a socialist system with a more innovative approach."
      },
      "explanation": "Thesis is clear and focused, guiding the essay with a solid argument on Gorbachev's vision.",
      "advice": "Enhance originality by incorporating unique perspectives on historical impacts."
    },
    {
      "id": "organization_coherence",
      "score": 3,
      "evidence": {
        "quote": "In conclusion, the Soviet leader allowed the Berlin wall to come down because he had a broader vision for the Soviet Union and its role in the world."
      },
      "explanation": "Clear structure with logical flow; transitions support overall coherence effectively.",
      "advice": "Strengthen transitions between sections for seamless idea progression."
    },
    {
      "id": "development_support",
      "score": 3,
      "evidence": {
        "quote": "Perestroika was Gorbachev’s policy introduced in 1985 to reform the Soviet Union’s stagnant economy and political system."
      },
      "explanation": "Adequate relevant evidence from sources integrated to support key points.",
      "advice": "Add more detailed examples from sources to bolster arguments further."
    },
    {
      "id": "critical_analysis",
      "score": 3,
      "evidence": {
        "quote": "These policies show that Gorbachev was striving for a more dynamic socialist system because the policies he installed paved the way for East Germans to demand reforms."
      },
      "explanation": "Solid interpretation connecting reforms to the Wall's fall with appropriate engagement.",
      "advice": "Deepen analysis with original insights on broader geopolitical consequences."
    },
    {
      "id": "language_style_mechanics",
      "score": 2,
      "evidence": {
        "quote": "HIST ORY, 6 Mar. 2025, www .history .com/articles/berlin-wall."
      },
      "explanation": "Readable but noticeable spacing, capitalization, and spelling errors affect clarity.",
      "advice": "Proofread thoroughly to eliminate formatting and mechanical issues."
    }
  ]
}
