{
  "overall_score": "16/20",
  "summary": "The essay effectively presents a clear thesis and supports it with relevant evidence from credible sources, demonstrating strong development and a logical structure. Strengths include the integration of sustainability features and health benefits, while improvements could focus on deeper critical analysis and more original insights to elevate the argument. Overall, it offers a compelling vision but would benefit from refined language for greater polish.",
  "criteria": [
    {
      "id": "thesis_argument",
      "criterion": "Thesis and Argument",
      "description": "Evaluates the clarity, insight, and guidance provided by the thesis in addressing the prompt.",
      "assigned_level": "3: Thesis is clear and focused, with a solid argument that adequately addresses the prompt.",
      "score": 3,
      "examples": [
        {
          "excerpt": "Despite logistical hurdles, \"The Line\" stands as a visionary urban experiment and an ideal place to live due to its pioneering sustainability features, innovative urban design, and focus on enhancing residents’ quality of life.",
          "comment": "This thesis clearly outlines the main reasons why 'The Line' is ideal, providing a focused structure that guides the essay's discussion on sustainability, design, and quality of life, though it"
        },
        {
          "excerpt": "In conclusion, \"The Line\" represents a bold and innovative approach to urban development that addresses many of the challenges modern cities face.",
          "comment": "The conclusion reinforces the thesis by summarizing key points, maintaining relevance to the prompt, but remains somewhat general without deeper originality."
        }
      ],
      "improvement_suggestion": "To reach the top level of a clear, insightful thesis that effectively guides the essay with a strong, original argument, revise your thesis to incorporate a unique perspective, such as how 'The Line' could influence global urban policy beyond Saudi Arabia. For example: 'Despite logistical hurdles, \"The Line\" not only pioneers sustainability and design but also sets a transformative blueprint for reimagining urban policy worldwide, making it an ideal haven for future generations.' This change earns the top level by adding originality and insight, ensuring the thesis drives a more compelling, forward-looking argument throughout."
    },
    {
      "id": "organization_coherence",
      "criterion": "Organization and Coherence",
      "description": "Assesses the structure, transitions, and logical flow of ideas.",
      "assigned_level": "3: Clear structure with effective transitions; ideas flow logically overall.",
      "score": 3,
      "examples": [
        {
          "excerpt": "One of the most compelling aspects of \"The Line\" is its commitment to sustainability. The city is designed to run entirely on renewable energy... This aligns with the United Nations' Sustainable Development Goal 11...",
          "comment": "This paragraph transitions smoothly from the introduction of sustainability to specific features and global alignment, maintaining logical progression, though some later sections repeat ideas like walkability."
        },
        {
          "excerpt": "\"The Line\" revolutionizes urban design by eliminating cars and roads... This project is designed to integrate nature seamlessly into urban living...",
          "comment": "The shift from design to nature integration uses connecting phrases effectively, ensuring overall coherence, but could be more seamless to avoid minor repetition."
        }
      ],
      "improvement_suggestion": "Aim for the highest level by creating an exceptionally well-organized essay with seamless transitions and a coherent progression of ideas; for instance, use transitional phrases that build cumulatively, like 'Building on this sustainable foundation, the innovative design further enhances...' instead of starting new paragraphs abruptly. This revision would earn top marks by eliminating any sense of disjointedness, allowing ideas to flow as a unified narrative that progressively strengthens the argument."
    },
    {
      "id": "development_support",
      "criterion": "Development and Support",
      "description": "Examines the use of evidence and examples to support the argument.",
      "assigned_level": "4: Rich, relevant evidence from credible sources, integrated smoothly to strongly support the argument.",
      "score": 4,
      "examples": [
        {
          "excerpt": "Regular walking reduces the risk of chronic diseases such as Type 2 diabetes and heart disease, and improves mental health by reducing stress and increasing happiness (CNUWalkable).",
          "comment": "This integrates a credible source smoothly to support health benefits, providing rich evidence that directly bolsters the argument on walkability's impact."
        },
        {
          "excerpt": "According to the American Thoracic Society, reducing air pollution can lead to rapid health improvements, including decreased respiratory symptoms and lower rates of cardiovascular illness within weeks (ATSAirPollution).",
          "comment": "The citation of a specific study enhances support for the zero-pollution claim, demonstrating strong, relevant evidence that ties environmental design to tangible health outcomes."
        }
      ],
      "improvement_suggestion": "You've already achieved strong development, but to consistently hit the top level of rich, relevant evidence integrated smoothly, ensure every claim links back explicitly to the thesis with varied source types; for example, expand a point with: 'As evidenced by NEOM's projections and corroborated by UN SDG 11, this 95% land preservation not only minimizes sprawl but redefines biodiversity protection in urban contexts.' This would solidify top-level status by deepening integration and showing multifaceted support that powerfully reinforces originality."
    },
    {
      "id": "critical_analysis",
      "criterion": "Critical Analysis and Understanding",
      "description": "Evaluates the depth of analysis and engagement with the topic.",
      "assigned_level": "3: Solid analysis with clear interpretation and appropriate engagement with the topic.",
      "score": 3,
      "examples": [
        {
          "excerpt": "This aligns with the United Nations' Sustainable Development Goal 11, which strives to make cities inclusive, safe, resilient, and sustainable (UNSDGCities).",
          "comment": "This shows clear interpretation by linking the project's features to global goals, demonstrating appropriate engagement, though it could delve deeper into potential implications."
        },
        {
          "excerpt": "Smart cities like \"The Line\" use technology to optimize services and improve the lives of residents by providing efficient transportation, energy management, and public services (PlanteMoranSmartCities).",
          "comment": "The analysis interprets technology's role effectively, engaging with the topic solidly, but remains somewhat surface-level without exploring unique challenges or innovations."
        }
      ],
      "improvement_suggestion": "To attain the top level of sophisticated analysis with original insights and deep engagement, incorporate critical evaluation of counterarguments or future implications; revise a section like: 'While \"The Line's\" cognitive technologies promise personalized services, they must navigate privacy concerns innovatively, as seen in potential AI ethics frameworks, to truly elevate urban well-being beyond current smart city models.' This earns the highest mark by adding original depth, transforming description into insightful critique that engages profoundly with the material."
    },
    {
      "id": "language_style_mechanics",
      "criterion": "Language, Style, and Mechanics",
      "description": "Reviews clarity, precision, and error-free writing.",
      "assigned_level": "3: Clear and effective language with minor errors that do not distract.",
      "score": 3,
      "examples": [
        {
          "excerpt": "In an era where urbanization and environmental sustainability are at odds, Saudi Arabia's NEOM project introduces \"The Line,\" a revolutionary concept that promises to harmonize urban living with nature.",
          "comment": "This opening sentence uses clear, engaging language to set the context effectively, with precise word choice that draws the reader in without distraction."
        },
        {
          "excerpt": "The integration of nature and technology allows for a harmonious living environment where residents can enjoy both the benefits of modern amenities and the tranquility of natural surroundings.",
          "comment": "The prose is effective and readable here, conveying ideas smoothly, though minor spacing issues in citations elsewhere do not significantly impede understanding."
        }
      ],
      "improvement_suggestion": "Strive for the pinnacle of polished, engaging prose with precise language, varied sentences, and no errors by varying sentence structure and eliminating any formatting inconsistencies; for instance, refine: 'Residents will thrive in a seamless blend of cutting-edge tech and verdant escapes, fostering not just survival but profound harmony with the environment.' This adjustment secures the top level through enhanced variety, precision, and error-free elegance, making the style more captivating and professional."
    }
  ],
  "overall": {
    "points_earned": 16,
    "points_possible": 20
  }
}
